Id  Recurso;NOMBRE;FORMATO;PESTAÑA;URL
3496731;FORO NOVEDADES;HTML;SALUD LABORAL EN PODOLOGIA;https://cv4.ucm.es/moodle/mod/forum/view.php?id=3496731
3798734;CALIFICACIONES FINALES DEL EXAMEN DE ENERO;PDF;SALUD LABORAL EN PODOLOGIA;https://cv4.ucm.es/moodle/mod/resource/view.php?id=3798734
3442634;AVISOS;HTML;SALUD LABORAL EN PODOLOGIA;https://cv4.ucm.es/moodle/mod/forum/view.php?id=3442634
3726479;ENCUESTA DE HIGIENE DE MANOS;PWp;SALUD LABORAL EN PODOLOGIA;https://cv4.ucm.es/moodle/mod/resource/view.php?id=3726479
3474630;HORARIO TUTORIAS CURSO 2018-2019;PDF;SALUD LABORAL EN PODOLOGIA;https://cv4.ucm.es/moodle/mod/resource/view.php?id=3474630
3474631;GUIA DOCENTE SALUD LABORAL 2018-2019;PDF;SALUD LABORAL EN PODOLOGIA;https://cv4.ucm.es/moodle/mod/url/view.php?id=3474631
3487287;FECHAS SEMINARIOS SALUD LABORAL;HTML;SALUD LABORAL EN PODOLOGIA;https://cv4.ucm.es/moodle/mod/resource/view.php?id=3487287
3520270;GRUPOS DE ALUMNOS PARA LOS SEMINARIOS;DOCX;SALUD LABORAL EN PODOLOGIA;https://cv4.ucm.es/moodle/mod/resource/view.php?id=3520270
3541212;TERMINOS RELACIONADOS CON LA SALUD LABORAL (GLOSARIO);HTML;SALUD LABORAL EN PODOLOGIA;https://cv4.ucm.es/moodle/mod/glossary/view.php?id=3541212
3445128;FORO 1 ¿ES INTERESANTE DESARROLLAR LA INTELIGENCIA EMOCIONAL PARA TU FUTURO LABORAL?;HTML;SALUD LABORAL EN PODOLOGIA;https://cv4.ucm.es/moodle/mod/forum/view.php?id=3445128
3606682;"FORO 2 "" UN LIDER NACE O SE HACE """;HTML;SALUD LABORAL EN PODOLOGIA;https://cv4.ucm.es/moodle/mod/forum/view.php?id=3606682
3445134;INSTITUTO NACIONAL DE SEGURIDAD E HIGIENE EN EL TRABAJO;HTML;ENLACES DE INTERES;https://cv4.ucm.es/moodle/mod/url/view.php?id=3445134
3718810;PORTALES TEMATICOS DEL INSSBT;HTLM;ENLACES DE INTERES;https://cv4.ucm.es/moodle/mod/url/view.php?id=3718810
3445135;ORGANIZACIÓN INTERNACIONAL DEL TRABAJO -OIT;HTML;ENLACES DE INTERES;https://cv4.ucm.es/moodle/mod/url/view.php?id=3445135
3445136;MINISTERIO DE EMPLEO Y SEGURIDAD SOCIAL;HTML;ENLACES DE INTERES;https://cv4.ucm.es/moodle/mod/url/view.php?id=3445136
3445137;OCCUPATIONAL SAFETY AND HEALTH ADMINISTRATIO3496744N-OSHA;HTML;ENLACES DE INTERES;https://cv4.ucm.es/moodle/mod/url/view.php?id=3445137
3496744;ESTANCAMIENTO VITAL;HTML;ENLACES DE INTERES;https://cv4.ucm.es/moodle/mod/url/view.php?id=3496744
3496750;VIDEO NASA DESHIELO POLAR - CUIDEMOS EL MEDIOAMBIENTE!!;HTML(VIDEO);ENLACES DE INTERES;https://cv4.ucm.es/moodle/mod/url/view.php?id=3496750
3539091;PROMOCION DE LA SALUD;HTML;ENLACES DE INTERES;https://cv4.ucm.es/moodle/mod/url/view.php?id=3539091
3487524;NUEVO ETIQUETADO COMBUSTIBLES;PDF;ENLACES DE INTERES;https://cv4.ucm.es/moodle/mod/resource/view.php?id=3487524
3496743;AUTONOMOS;PDF;ENLACES DE INTERES;https://cv4.ucm.es/moodle/mod/resource/view.php?id=3496743
3445141;RCP - VIDEO;HTML(VIDEO);ENLACES DE INTERES;https://cv4.ucm.es/moodle/mod/url/view.php?id=3445141
3445142;ATRAGANTAMIENTO;HTML(VIDEO);ENLACES DE INTERES;https://cv4.ucm.es/moodle/mod/url/view.php?id=3445142
3550593;CLASE PRESENTACION;PDF;BLOQUE 1 : GENERALIDADES;https://cv4.ucm.es/moodle/mod/resource/view.php?id=3550593
3596958;CLASE 1 LPRL;PDF;BLOQUE 1 : GENERALIDADES;https://cv4.ucm.es/moodle/mod/resource/view.php?id=3596958
3445148;LECTURAS COMPLEMENTARIAS;PDF;BLOQUE 1 : GENERALIDADES;https://cv4.ucm.es/moodle/mod/folder/view.php?id=3445148
3445153;PRIMEROS AUXILIOS;PDF;BLOQUE 1 : GENERALIDADES;https://cv4.ucm.es/moodle/mod/folder/view.php?id=3445153
3596960;CLASE 2 SEÑALIZACION EN LOS LUGARES DE TRABAJO;PDF;GENERALIDADES : SEÑALIZACION;https://cv4.ucm.es/moodle/mod/resource/view.php?id=3596960
3549846;VIDEOS SEÑALIZACION;HTLM(VIDEO);GENERALIDADES : SEÑALIZACION;https://cv4.ucm.es/moodle/mod/url/view.php?id=3549846
3445155;LECTURA COMPLEMENTARIA SEÑALIZACIONES;PDF;GENERALIDADES : SEÑALIZACION;https://cv4.ucm.es/moodle/mod/resource/view.php?id=3445155
3445156;NTP SEÑALIZACION;PDF;GENERALIDADES : SEÑALIZACION;https://cv4.ucm.es/moodle/mod/resource/view.php?id=3445156
3612460;CLASE 3 EPIS;PDF;GENERALIDADES : EPIS;https://cv4.ucm.es/moodle/mod/resource/view.php?id=3612460
3496764;CLASE 4 -- TRABAJO SOBRE EPI DE PIE;HTLM;GENERALIDADES : EPIS;https://cv4.ucm.es/moodle/mod/assign/view.php?id=3496764
3445163;EPIS GUIA - LECTURA COMPLEMENTARIA;PDF;GENERALIDADES : EPIS;https://cv4.ucm.es/moodle/mod/resource/view.php?id=3445163
3496763;EPI PIE-PIERNA;HTLM;GENERALIDADES : EPIS;https://cv4.ucm.es/moodle/mod/url/view.php?id=3496763
3612529;VIDEOS NAPO Y EPI;HTLM(VIDEOS);GENERALIDADES : EPIS;https://cv4.ucm.es/moodle/mod/url/view.php?id=3612529
3622163;MASCARILLAS VS PRTECTORES RESPIRATORIOS;HTLM(VIDEO);GENERALIDADES : EPIS;https://cv4.ucm.es/moodle/mod/url/view.php?id=3622163
3612491;CLASE 5 ILUMINACION;PDF;CONDICIONES AMBIENTE LABORAL;https://cv4.ucm.es/moodle/mod/resource/view.php?id=3612491
3612493;CLASE 6 VENTILACION;PDF;CONDICIONES AMBIENTE LABORAL;https://cv4.ucm.es/moodle/mod/resource/view.php?id=3612493
3622171;IMPORTANCIA DE UNA BUENA VENTILACION EN ESPACIOS CONFINADOS;HTLM(VIDEO);CONDICIONES AMBIENTE LABORAL;https://cv4.ucm.es/moodle/mod/url/view.php?id=3622171
3445168;LECTURAS COMPLEMENTARIAS;PDF;CONDICIONES AMBIENTE LABORAL;https://cv4.ucm.es/moodle/mod/folder/view.php?id=3445168
3614747;AUTOEVALUACION BLOQUE GENERAL;HTML;CONDICIONES AMBIENTE LABORAL;https://cv4.ucm.es/moodle/mod/quiz/view.php?id=3614747
3657342; CLASES 7-8 EXPOSICION RUIDO;PDF;RIESGOS FISICOS : RUIDO Y VIBRACIONES;https://cv4.ucm.es/moodle/mod/folder/view.php?id=3657342
3657345;CLASES 9-10 EXPOSICION VIBRACIONES;PDF;RIESGOS FISICOS : RUIDO Y VIBRACIONES;https://cv4.ucm.es/moodle/mod/folder/view.php?id=3657345
3639017;AUDIO DONDE SE ESCUCHA LA PERDIDA DE LA CAPACIDAD AUDITIVA POR PRESENCIA DE RUIDO;HTML(AUDIO);RIESGOS FISICOS : RUIDO Y VIBRACIONES;https://cv4.ucm.es/moodle/mod/resource/view.php?id=3639017
3639029;RUIDO Y EMBARAZO;PDF;RIESGOS FISICOS : RUIDO Y VIBRACIONES;https://cv4.ucm.es/moodle/mod/resource/view.php?id=3639029
3657348;GUIA RUIDO;PDF;RIESGOS FISICOS : RUIDO Y VIBRACIONES;https://cv4.ucm.es/moodle/mod/resource/view.php?id=3657348
3643869;GUIA VIBRACIONES;PDF;RIESGOS FISICOS : RUIDO Y VIBRACIONES;https://cv4.ucm.es/moodle/mod/resource/view.php?id=3643869
3698211;CLASE 11 RIESGO POR EXPOSICION A RADIACIONES IONIZANTES;PDF;EXPOSICION A RADIACIONES IONIZANTES;https://cv4.ucm.es/moodle/mod/resource/view.php?id=3698211
3698212;CLASE 12 RADIOBIOLOGIA;PDF;EXPOSICION A RADIACIONES IONIZANTES;https://cv4.ucm.es/moodle/mod/resource/view.php?id=3698212
3496774;CURSO RX CSN;PDF;EXPOSICION A RADIACIONES IONIZANTES;https://cv4.ucm.es/moodle/mod/resource/view.php?id=3496774
3691874;TPE RAYOS X;PDF;EXPOSICION A RADIACIONES IONIZANTES;https://cv4.ucm.es/moodle/mod/resource/view.php?id=3691874
3698159;CLASE 13 RIESGOS BIOLOGICOS;PDF;RIESGOS BIOLOGICOS;https://cv4.ucm.es/moodle/mod/resource/view.php?id=3698159
3445173;LECTURA COMPLEMENTARIA - NTP  RIESGOS BIOLOGICOS;PDF;RIESGOS BIOLOGICOS;https://cv4.ucm.es/moodle/mod/resource/view.php?id=3445173
3445175;LECTURA COMPLEMENTARIA RIESGOS BIOLOGICOS ;PDF;RIESGOS BIOLOGICOS;https://cv4.ucm.es/moodle/mod/resource/view.php?id=3445175
3445176;ALZHEIMER Y HONGOS;PDF;RIESGOS BIOLOGICOS;https://cv4.ucm.es/moodle/mod/resource/view.php?id=3445176
3445177;NAIL DUST;HTML;RIESGOS BIOLOGICOS;https://cv4.ucm.es/moodle/mod/url/view.php?id=3445177
3445178;BISTURIS DESECHABLES;HTML;RIESGOS BIOLOGICOS;https://cv4.ucm.es/moodle/mod/url/view.php?id=3445178
3673974;5  MOMENTOS HIGIENE MANOS OMS;HTML;RIESGOS BIOLOGICOS;https://cv4.ucm.es/moodle/mod/folder/view.php?id=3673974
3675281;EPIPEDIA 2018-19;HTML;WIKI TRABAJO COLABORATIVO EPIPEDIA;https://cv4.ucm.es/moodle/mod/wiki/view.php?id=3675281
3721712;CLASE 14  RQ;PDF;RIESGOS QUIMICOS;https://cv4.ucm.es/moodle/mod/resource/view.php?id=3721712
3721720;CLASE 15 DERMATOSIS LABORAL;PDF;RIESGOS QUIMICOS;https://cv4.ucm.es/moodle/mod/resource/view.php?id=3721720
3445181;DERMATOSIS ALERGICAS - LECTURAS COMPLEMENTARIAS;PDF;RIESGOS QUIMICOS;https://cv4.ucm.es/moodle/mod/resource/view.php?id=3445181
3721726;CLASE 16 RESIDUOS BIOSANITARIOS;PDF;RIESGOS QUIMICOS;https://cv4.ucm.es/moodle/mod/resource/view.php?id=3721726
3445184;LECTURAS COMPLEMENTARIAS;PDF;RIESGOS QUIMICOS;https://cv4.ucm.es/moodle/mod/folder/view.php?id=3445184
3445182;INFORMACION DEL FENOL - LECTURA COMPLEMENTARIA-;PDF;RIESGOS QUIMICOS;https://cv4.ucm.es/moodle/mod/resource/view.php?id=3445182
3445185;AL MACENAMIENTO PRODUCTOS PELIGROSOS - LECTURA COMPLEMENTARIA;PDF;RIESGOS QUIMICOS;https://cv4.ucm.es/moodle/mod/resource/view.php?id=3445185
3698690;CLASE 17 GENERALIDAD DE RIESGOS ERGONOMICOS;PDF;RIESGOS ERGONOMICOS;https://cv4.ucm.es/moodle/mod/resource/view.php?id=3698690
3657353;CLASE 18 MOVILIZACION MANUAL DE CARGAS;PDF;RIESGOS ERGONOMICOS;https://cv4.ucm.es/moodle/mod/resource/view.php?id=3657353
3718796;CLASE 19 MOVIMIENTOS REPETITIVOS Y MOVILIZACION PACIENTES;PDF;RIESGOS ERGONOMICOS;https://cv4.ucm.es/moodle/mod/resource/view.php?id=3718796
3718802;LECTURA COMPLEMENTARIA  TME EN PODOLOGIA;PDF;RIESGOS ERGONOMICOS;https://cv4.ucm.es/moodle/mod/folder/view.php?id=3718802
3445189;SEMINARIO RIESGOS ERGONOMICOS;PDF;RIESGOS ERGONOMICOS;https://cv4.ucm.es/moodle/mod/resource/view.php?id=3445189
3445191;VIDEO;HTML(VIDEO);RIESGOS ERGONOMICOS;https://cv4.ucm.es/moodle/mod/folder/view.php?id=3445191
3445192;EJERCICIOS RELEJACION;PDF;RIESGOS ERGONOMICOS;https://cv4.ucm.es/moodle/mod/resource/view.php?id=3445192
3445193;EJERCICIOS DE FORTALECIMIENTO MUSCULAR;PDF;RIESGOS ERGONOMICOS;https://cv4.ucm.es/moodle/mod/resource/view.php?id=3445193
3695595;VALORES Y ETICA;PDF;VIDEOS SEMINARIO DE VALORES;https://cv4.ucm.es/moodle/mod/resource/view.php?id=3695595
3687889;VIDEOS VALORES;HTML(VIDEO);VIDEOS SEMINARIO DE VALORES;https://cv4.ucm.es/moodle/mod/folder/view.php?id=3687889
