;0;;;;;;;;;;ORGANOGRAFÍA  18-19  GRUPO IA;;;
;;;;;;;;;;;;;;
;0;Id  Recurso;;;NOMBRE;;;FORMATO;;;PESTAÑA;;;URL
;;100520;;;INICIO;;;HTML;;;INICIO;;;https://cv4.ucm.es/moodle/course/view.php?id=100520&section=0
;;3402495;;;AVISOS  RECIENTES;;;HTML;;;INICIO;;;https://cv4.ucm.es/moodle/mod/forum/view.php?id=3402495
;;3406694;;;FORO GENERAL DE LA ASIGNATURA;;;HTML;;;INICIO;;;https://cv4.ucm.es/moodle/mod/forum/view.php?id=3406694
;;3406697;;;PLANO DEL EDIFICIO Y UBICACIÓN DE LAS AULAS;;;HTML;;;INFORMACION GENERAL(PRESENTACION);;;https://cv4.ucm.es/moodle/mod/url/view.php?id=3406697
;;3406698;;;CUADRO HORARIO 2º;;;PDF;;;INFORMACION GENERAL(PRESENTACION);;;https://cv4.ucm.es/moodle/mod/resource/view.php?id=3406698
;;3406699;;;FICHA ASIGNATURA;;;PDF;;;INFORMACION GENERAL(PRESENTACION);;;https://cv4.ucm.es/moodle/mod/url/view.php?id=3406699
;;3406701;;;TUTORIAS;;;HTML;;;INFORMACION GENERAL(PRESENTACION);;;https://cv4.ucm.es/moodle/mod/page/view.php?id=3406701
;;3406700;;;ASIGNATURA EN EL CAMPUS;;;PDF;;;INFORMACION GENERAL(PRESENTACION);;;https://cv4.ucm.es/moodle/mod/resource/view.php?id=3406700
;;3406696;;;PRESENTACIÓN;;;HTML;;;INFORMACION GENERAL(PRESENTACION);;;https://cv4.ucm.es/moodle/mod/page/view.php?id=3406696
;;3406702;;;NORMAS BASICAS DE CONVIVENCIA;;;PDF;;;Normas Generales;;;https://cv4.ucm.es/moodle/mod/resource/view.php?id=3406702
;;3406706;;;Normas generales de la asignatura en el curso 2018/19;;;PDF;;;Normas Generales;;;https://cv4.ucm.es/moodle/mod/resource/view.php?id=3406706
;;3406703;;;CODIGO DE CONDUCTA COMPLUTENSE;;;PDF;;;Normas Generales;;;https://cv4.ucm.es/moodle/mod/resource/view.php?id=3406703
;;3406704;;;COMPROMISO ETICO;;;HTML;;;Normas Generales;;;https://cv4.ucm.es/moodle/mod/url/view.php?id=3406704
;;3406705;;;DERECHOS DE AUTOR;;;PDF;;;Normas Generales;;;https://cv4.ucm.es/moodle/mod/resource/view.php?id=3406705
;;3406707;;;Bibliografía general para la asignatura;;;PDF;;;Bibliografía;;;https://cv4.ucm.es/moodle/mod/resource/view.php?id=3406707
;;3406708;;;Bibliografía para el sistema nervioso;;;PDF;;;Bibliografía;;;https://cv4.ucm.es/moodle/mod/resource/view.php?id=3406708
;;3406709;;;Bibliografía para prácticas;;;PDF;;;Bibliografía;;;https://cv4.ucm.es/moodle/mod/resource/view.php?id=3406709
;;3406711;;;Atlas Digital de Histología, UNAM;;;HTML;;;Páginas webs recomendadas;;;https://cv4.ucm.es/moodle/mod/url/view.php?id=3406711
;;3406712;;;Atlas interactivo de Histología, Univ. Oviedo;;;HTML;;;Páginas webs recomendadas;;;https://cv4.ucm.es/moodle/mod/url/view.php?id=3406712
;;3406713;;;Atlas Histológico Interactivo, Univ. Jaen;;;HTML;;;Páginas webs recomendadas;;;https://cv4.ucm.es/moodle/mod/url/view.php?id=3406713
;;3406714;;;Atlas Virtual de Histologia, UFRN;;;HTML;;;Páginas webs recomendadas;;;https://cv4.ucm.es/moodle/mod/url/view.php?id=3406714
;;3406715;;;Blue Histology, Univ. of Western Australia;;;HTML;;;Páginas webs recomendadas;;;https://cv4.ucm.es/moodle/mod/url/view.php?id=3406715
;;3406716;; ;Color Images of Histological Sections, Univ. Delaware;;;HTML;;;Páginas webs recomendadas;;;https://cv4.ucm.es/moodle/mod/url/view.php?id=3406716
;;3406717;;;Deltabase Histology Atlas;;;HTML;;;Páginas webs recomendadas;;;https://cv4.ucm.es/moodle/mod/url/view.php?id=3406717
;;3406718;;;Histology Home Page, Univ Wisconsin, Medical School, Dept Anatomy;;;HTML;;;Páginas webs recomendadas;;;https://cv4.ucm.es/moodle/mod/url/view.php?id=3406718
;;3406719;;;Histology Techniques (Microscopy & Imaging, Cellular Imaging Core, SWEHSC);;;HTML;;;Páginas webs recomendadas;;;https://cv4.ucm.es/moodle/mod/url/view.php?id=3406719
;;3406720;;;Hyperlinked Histology Human - Davidson College Immunology Course;;;HTML;;;Páginas webs recomendadas;;;https://cv4.ucm.es/moodle/mod/url/view.php?id=3406720
;;3406721;;;Inhaltsverzeichnis Dr.Jastrows EM-Atlas;;;HTML;;;Páginas webs recomendadas;;;https://cv4.ucm.es/moodle/mod/url/view.php?id=3406721
;;3406722;;;Internet Atlas of Histology, College of Medicine, University of Illinois SIU SOM;;;HTML;;;Páginas webs recomendadas;;;https://cv4.ucm.es/moodle/mod/url/view.php?id=3406722
;;3406723;;;The JayDoc HistoWeb. Dept of Anat & Cell Biol. University of Kansas Medical Center;;;HTML;;;Páginas webs recomendadas;;;https://cv4.ucm.es/moodle/mod/url/view.php?id=3406723
;;3406724;;;Learning and teaching Histology, Univ. Salamanca;;;HTML;;;Páginas webs recomendadas;;;https://cv4.ucm.es/moodle/mod/url/view.php?id=3406724
;;3406725;;;LUMEN Histology home page, Loyola Univ.;;;HTML;;;Páginas webs recomendadas;;;https://cv4.ucm.es/moodle/mod/url/view.php?id=3406725
;;3406726;;;Medical Histology Index;;;HTML;;;Páginas webs recomendadas;;;https://cv4.ucm.es/moodle/mod/url/view.php?id=3406726
;;3406727;;;NYU Virtual Microscope;;;HTML;;;Páginas webs recomendadas;;;https://cv4.ucm.es/moodle/mod/url/view.php?id=3406727
;;3406728;;;UDHISTOLOGY;;;HTML;;;Páginas webs recomendadas;;;https://cv4.ucm.es/moodle/mod/url/view.php?id=3406728
;0;3406731;;;SISTEMA  CIRCULATORIO;;;PDF;;;TEORÍA, parcial 1(Tema 1: Sistema cardiovascular);;;https://cv4.ucm.es/moodle/mod/resource/view.php?id=3406731
;;3406732;;;VÍAS  LINFÁTICAS;;;PDF;;;TEORÍA, parcial 1(Tema 1: Sistema cardiovascular);;;https://cv4.ucm.es/moodle/mod/resource/view.php?id=3406732
;;3406733;;;CORAZÓN ;;;PDF;;;TEORÍA, parcial 1(Tema 1: Sistema cardiovascular);;;https://cv4.ucm.es/moodle/mod/resource/view.php?id=3406733
;;3406734;;;FORMACIÓN DE VASOS ;;;PDF;;;TEORÍA, parcial 1(Tema 1: Sistema cardiovascular);;;https://cv4.ucm.es/moodle/mod/resource/view.php?id=3406734
;;3406736;;;Funciones de las células endoteliales;;;VIDEO;;;TEORÍA, parcial 1(Tema 1: Sistema cardiovascular);;;https://cv4.ucm.es/moodle/mod/page/view.php?id=3406736
;;3406737;;;Vasos porta y anastomosis arteriovenosas;;;VIDEO;;;TEORÍA, parcial 1(Tema 1: Sistema cardiovascular);;;https://cv4.ucm.es/moodle/mod/page/view.php?id=3406737
;;3406738;;;Sistema de vías linfáticas;;;VIDEO;;;TEORÍA, parcial 1(Tema 1: Sistema cardiovascular);;;https://cv4.ucm.es/moodle/mod/page/view.php?id=3406738
;;3406739;;;Inervación vascular y cardíaca;;;VIDEO;;;TEORÍA, parcial 1(Tema 1: Sistema cardiovascular);;;https://cv4.ucm.es/moodle/mod/page/view.php?id=3406739
;;3406740;;;Sistema cardionector;;;VIDEO;;;TEORÍA, parcial 1(Tema 1: Sistema cardiovascular);;;https://cv4.ucm.es/moodle/mod/page/view.php?id=3406740
;;3406741;;;Formación del sistema vascular;;;VIDEO;;;TEORÍA, parcial 1(Tema 1: Sistema cardiovascular);;;https://cv4.ucm.es/moodle/mod/page/view.php?id=3406741
;;3406743;;;Autoevaluación Ejemplo (Geografía);;;HTML;;;TEORÍA, parcial 1(Tareas del Tema 1: Autoevaluaciones);;;https://cv4.ucm.es/moodle/mod/quiz/view.php?id=3406743
;;3406744;;;Autoevaluación Ejemplo (Música);;;HTML;;;TEORÍA, parcial 1(Tareas del Tema 1: Autoevaluaciones);;;https://cv4.ucm.es/moodle/mod/quiz/view.php?id=3406744
;;3406745;;;Examen Emparejamiento 1.1;;;HTML;;;TEORÍA, parcial 1(Tareas del Tema 1: Autoevaluaciones);;;https://cv4.ucm.es/moodle/mod/quiz/view.php?id=3406745
;;3406746;;;Examen V-F 1.1;;;HTML;;;TEORÍA, parcial 1(Tareas del Tema 1: Autoevaluaciones);;;https://cv4.ucm.es/moodle/mod/quiz/view.php?id=3406746
;;3406747;;;Examen V-F 1.2;;;HTML;;;TEORÍA, parcial 1(Tareas del Tema 1: Autoevaluaciones);;;https://cv4.ucm.es/moodle/mod/quiz/view.php?id=3406747
;#¿NOMBRE?;3406751;;;SISTEMA LINFOIDE MALT ;;;PDF;;;TEORÍA, parcial 1(Tema 2: Sistema linfoide);;;https://cv4.ucm.es/moodle/mod/resource/view.php?id=3406751
;;3406752;;;TIMO ;;;PDF;;;TEORÍA, parcial 1(Tema 2: Sistema linfoide);;;https://cv4.ucm.es/moodle/mod/resource/view.php?id=3406752
;;3406753;;;GANGLIO LINFÁTICO;;;PDF;;;TEORÍA, parcial 1(Tema 2: Sistema linfoide);;;https://cv4.ucm.es/moodle/mod/resource/view.php?id=3406753
;;3406754;;;BAZO ;;;PDF;;;TEORÍA, parcial 1(Tema 2: Sistema linfoide);;;https://cv4.ucm.es/moodle/mod/resource/view.php?id=3406754
;;3406756;;;Tejido linfoide asociado a mucosas;;;VIDEO;;;TEORÍA, parcial 1(Tema 2: Sistema linfoide);;;https://cv4.ucm.es/moodle/mod/page/view.php?id=3406756
;;3406758;;;Examen Emparejamiento 2;;;HTML;;;TEORÍA, parcial 1(Tareas del Tema 2: Autoevaluaciones);;;https://cv4.ucm.es/moodle/mod/quiz/view.php?id=3406758
;;3406759;;;Examen V-F 2.1;;;HTML;;;TEORÍA, parcial 1(Tareas del Tema 2: Autoevaluaciones);;;https://cv4.ucm.es/moodle/mod/quiz/view.php?id=3406759
;;3406762;;;VÍAS ALTAS;;;PDF;;;TEORÍA, parcial 1 (Tema 3: Aparato respiratorio);;;https://cv4.ucm.es/moodle/mod/resource/view.php?id=3406762
;;3406763;;;ÁRBOL BRONQUIAL;;;PDF;;;TEORÍA, parcial 1 (Tema 3: Aparato respiratorio);;;https://cv4.ucm.es/moodle/mod/resource/view.php?id=3406763
;;45424;;;Vías aéreas proximales: nariz y senos paranasales;;;VIDEO;;;TEORÍA, parcial 1 (Tema 3: Aparato respiratorio)   NO SE CARGA, SALE ERROR;;;https://cv4.ucm.es/moodle/file.php/45424/Capturas_videos/ap_respiratorio.jpg
;;3406767;;;Examen Emparejamiento 3.1;;;HTML;;;TEORÍA, parcial 1 (Tareas del Tema 3: Autoevaluaciones);;;https://cv4.ucm.es/moodle/mod/quiz/view.php?id=3406767
;;3406768;;;Examen Emparejamiento 3.2;;;HTML;;;TEORÍA, parcial 1 (Tareas del Tema 3: Autoevaluaciones);;;https://cv4.ucm.es/moodle/mod/quiz/view.php?id=3406768
;;3406769;;;Examen V-F 3.1;;;HTML;;;TEORÍA, parcial 1 (Tareas del Tema 3: Autoevaluaciones);;;https://cv4.ucm.es/moodle/mod/quiz/view.php?id=3406769
;;3406772;;;Piel;;;PDF;;;TEORÍA, parcial 2 (Tema 4: Piel y mama);;;https://cv4.ucm.es/moodle/mod/resource/view.php?id=3406772
;;3406773;;;Anejos cutáneos;;;PDF;;;TEORÍA, parcial 2 (Tema 4: Piel y mama);;;https://cv4.ucm.es/moodle/mod/resource/view.php?id=3406773
;;3406774;;;Mama;;;PDF;;;TEORÍA, parcial 2 (Tema 4: Piel y mama);;;https://cv4.ucm.es/moodle/mod/resource/view.php?id=3406774
;;3406776;;;Inervación de la piel;;;VIDEO;;;TEORÍA, parcial 2(Tema 4: Piel y mama);;;https://cv4.ucm.es/moodle/mod/page/view.php?id=3406776
;;45424;;;Células claras;;;VIDEO;;;TEORÍA, parcial 2 (Tema 4: Piel y mama)                      NO SE CARGA, SALE ERROR;;;https://cv4.ucm.es/moodle/file.php/45424/Capturas_videos/celulasclaras.png
;;3406779;;;Examen Emparejamiento 4.1;;;HTML;;;TEORÍA, parcial 2 (Tareas del Tema 4: Autoevaluaciones);;;https://cv4.ucm.es/moodle/mod/quiz/view.php?id=3406779
;;3406780;;;Examen Emparejamiento 4.2;;;HTML;;;TEORÍA, parcial 2 (Tareas del Tema 4: Autoevaluaciones);;;https://cv4.ucm.es/moodle/mod/quiz/view.php?id=3406780
;;3406781;;;Examen Emparejamiento 4.3;;;HTML;;;TEORÍA, parcial 2 (Tareas del Tema 4: Autoevaluaciones);;;https://cv4.ucm.es/moodle/mod/quiz/view.php?id=3406781
;;3406782;;;Examen V-F 4.1;;;HTML;;;TEORÍA, parcial 2 (Tareas del Tema 4: Autoevaluaciones);;;https://cv4.ucm.es/moodle/mod/quiz/view.php?id=3406782
;;3406783;;;Examen V-F 4.2;;;HTML;;;TEORÍA, parcial 2  (Tareas del Tema 4: Autoevaluaciones);;;https://cv4.ucm.es/moodle/mod/quiz/view.php?id=3406783
;;3406786;;;Boca;;;PDF;;;TEORÍA, parcial 2 (Tema 5: Aparato digestivo);;;https://cv4.ucm.es/moodle/mod/resource/view.php?id=3406786
;;3406787;;;Tubo digestivo;;;PDF;;;TEORÍA, parcial 2 (Tema 5: Aparato digestivo);;;https://cv4.ucm.es/moodle/mod/resource/view.php?id=3406787
;;3406788;;;Esófago;;;PDF;;;TEORÍA, parcial 2 (Tema 5: Aparato digestivo);;;https://cv4.ucm.es/moodle/mod/resource/view.php?id=3406788
;;3406789;;;Estómago;;;PDF;;;TEORÍA, parcial 2 (Tema 5: Aparato digestivo);;;https://cv4.ucm.es/moodle/mod/resource/view.php?id=3406789
;;3406790;;;Intestino delgado;;;PDF;;;TEORÍA, parcial 2 (Tema 5: Aparato digestivo);;;https://cv4.ucm.es/moodle/mod/resource/view.php?id=3406790
;;3406791;;;Intestino grueso;;;PDF;;;TEORÍA, parcial 2 (Tema 5: Aparato digestivo);;;https://cv4.ucm.es/moodle/mod/resource/view.php?id=3406791
;;3406792;;;Glándulas salivales;;;PDF;;;TEORÍA, parcial 2 (Tema 5: Aparato digestivo);;;https://cv4.ucm.es/moodle/mod/resource/view.php?id=3406792
;;3406793;;;Hígado;;;PDF;;;TEORÍA, parcial 2 (Tema 5: Aparato digestivo);;;https://cv4.ucm.es/moodle/mod/resource/view.php?id=3406793
;;3406794;;;Vesícula biliar;;;PDF;;;TEORÍA, parcial 2 (Tema 5: Aparato digestivo);;;https://cv4.ucm.es/moodle/mod/resource/view.php?id=3406794
;;3406795;;;Páncreas;;;PDF;;;TEORÍA, parcial 2 (Tema 5: Aparato digestivo);;;https://cv4.ucm.es/moodle/mod/resource/view.php?id=3406795
;;3406797;;;Introducción;;;VIDEO;;;TEORÍA, parcial 2 (Tema 5: Aparato digestivo);;;https://cv4.ucm.es/moodle/mod/page/view.php?id=3406797
;;3406798;;;Esófago;;;VIDEO;;;TEORÍA, parcial 2 (Tema 5: Aparato digestivo);;;https://cv4.ucm.es/moodle/mod/page/view.php?id=3406798
;;3406799;;;Vesícula biliar;;;VIDEO;;;TEORÍA, parcial 2 (Tema 5: Aparato digestivo);;;https://cv4.ucm.es/moodle/mod/page/view.php?id=3406799
;;3406800;;;Páncreas exocrino;;;VIDEO;;;TEORÍA, parcial 2 (Tema 5: Aparato digestivo);;;https://cv4.ucm.es/moodle/mod/page/view.php?id=3406800
;;3406802;;;Examen Emparejamiento 5.1;;;HTML;;;TEORÍA, parcial 2  (Tareas del Tema 5: Autoevaluaciones);;;https://cv4.ucm.es/moodle/mod/quiz/view.php?id=3406802
;;3406803;;;Examen Emparejamiento 5.2 ;;;HTML;;;TEORÍA, parcial 2  (Tareas del Tema 5: Autoevaluaciones);;;https://cv4.ucm.es/moodle/mod/quiz/view.php?id=3406803
;;3406804;;;Examen Emparejamiento 5.3;;;HTML;;;TEORÍA, parcial 2  (Tareas del Tema 5: Autoevaluaciones);;;https://cv4.ucm.es/moodle/mod/quiz/view.php?id=3406804
;;3406805;;;Examen V-F 5.1;;;HTML;;;TEORÍA, parcial 2  (Tareas del Tema 5: Autoevaluaciones);;;https://cv4.ucm.es/moodle/mod/quiz/view.php?id=3406805
;;3406806;;;Examen V-F 5.2;;;HTML;;;TEORÍA, parcial 2  (Tareas del Tema 5: Autoevaluaciones);;;https://cv4.ucm.es/moodle/mod/quiz/view.php?id=3406806
;;3406807;;;Examen V-F 5.3;;;HTML;;;TEORÍA, parcial 2  (Tareas del Tema 5: Autoevaluaciones);;;https://cv4.ucm.es/moodle/mod/quiz/view.php?id=3406807
;;3406811;;;RIÑÓN;;;PDF;;;TEORÍA, parcial 3 (Tema 6: Aparato urinario);;;https://cv4.ucm.es/moodle/mod/resource/view.php?id=3406811
;;3406812;;;VÍAS URINARIAS;;;PDF;;;TEORÍA, parcial 3 (Tema 6: Aparato urinario);;;https://cv4.ucm.es/moodle/mod/resource/view.php?id=3406812
;;3406814;;;Vías urinarias;;;VIDEO;;;TEORÍA, parcial 3 (Tema 6: Aparato urinario);;;https://cv4.ucm.es/moodle/mod/page/view.php?id=3406814
;;3406816;;;Examen Emparejamiento 6.1;;;HTML;;;TEORÍA, parcial 3 (Tareas del Tema 6: Autoevaluaciones);;;https://cv4.ucm.es/moodle/mod/quiz/view.php?id=3406816
;;3406817;;;Examen V-F 6.1;;;HTML;;;TEORÍA, parcial 3 (Tareas del Tema 6: Autoevaluaciones);;;https://cv4.ucm.es/moodle/mod/quiz/view.php?id=3406817
;;3406820;;; SISTEMA GENITAL MASCULINO;;;PDF;;;TEORÍA, parcial 3 (Tema 7: Aparato genital masculino);;;https://cv4.ucm.es/moodle/mod/resource/view.php?id=3406820
;;3406821;;;TESTÍCULO;;;PDF;;;TEORÍA, parcial 3 (Tema 7: Aparato genital masculino);;;https://cv4.ucm.es/moodle/mod/resource/view.php?id=3406821
;;3406822;;;VÍAS ESPERMÁTICAS;;;PDF;;;TEORÍA, parcial 3 (Tema 7: Aparato genital masculino);;;https://cv4.ucm.es/moodle/mod/resource/view.php?id=3406822
;;3406823;;;GLÁNDULAS ACCESORIAS;;;PDF;;;TEORÍA, parcial 3 (Tema 7: Aparato genital masculino);;;https://cv4.ucm.es/moodle/mod/resource/view.php?id=3406823
;;3406825;;;Examen Emparejamiento 7.1;;;HTML;;;TEORÍA, parcial 3 (Tareas del Tema 7: Autoevaluaciones);;;https://cv4.ucm.es/moodle/mod/quiz/view.php?id=3406825
;;3406826;;;Examen Emparejamiento 7.2;;;HTML;;;TEORÍA, parcial 3 (Tareas del Tema 7: Autoevaluaciones);;;https://cv4.ucm.es/moodle/mod/quiz/view.php?id=3406826
;;3406827;;;Examen V-F 7.1;;;HTML;;;TEORÍA, parcial 3 (Tareas del Tema 7: Autoevaluaciones);;;https://cv4.ucm.es/moodle/mod/quiz/view.php?id=3406827
;;3406828;;;Examen V-F 7.2;;;HTML;;;TEORÍA, parcial 3 (Tareas del Tema 7: Autoevaluaciones);;;https://cv4.ucm.es/moodle/mod/quiz/view.php?id=3406828
;;3406829;;;Examen V-F 7.3;;;HTML;;;TEORÍA, parcial 3 (Tareas del Tema 7: Autoevaluaciones);;;https://cv4.ucm.es/moodle/mod/quiz/view.php?id=3406829
;;3406832;;;SISTEMA GENITAL FEMENINO;;;PDF;;;TEORÍA, parcial 3 (Tema 8: Aparato genital femenino y placenta);;;https://cv4.ucm.es/moodle/mod/resource/view.php?id=3406832
;;3406833;;;OVARIO;;;PDF;;;TEORÍA, parcial 3 (Tema 8: Aparato genital femenino y placenta);;;https://cv4.ucm.es/moodle/mod/resource/view.php?id=3406833
;;3406834;;;OVIDUCTO;;;PDF;;;TEORÍA, parcial 3 (Tema 8: Aparato genital femenino y placenta);;;https://cv4.ucm.es/moodle/mod/resource/view.php?id=3406834
;;3406835;;;ÚTERO;;;PDF;;;TEORÍA, parcial 3 (Tema 8: Aparato genital femenino y placenta);;;https://cv4.ucm.es/moodle/mod/resource/view.php?id=3406835
;;3406836;;;VAGINA;;;PDF;;;TEORÍA, parcial 3 (Tema 8: Aparato genital femenino y placenta);;;https://cv4.ucm.es/moodle/mod/resource/view.php?id=3406836
;;3406837;;;PLACENTA;;;PDF;;;TEORÍA, parcial 3 (Tema 8: Aparato genital femenino y placenta);;;https://cv4.ucm.es/moodle/mod/resource/view.php?id=3406837
;;3406839;;;Oviducto;;;VIDEO;;;TEORÍA, parcial 3 (Tema 8: Aparato genital femenino y placenta);;;https://cv4.ucm.es/moodle/mod/page/view.php?id=3406839
;;3406840;;;Vagina;;;VIDEO;;;TEORÍA, parcial 3 (Tema 8: Aparato genital femenino y placenta);;;https://cv4.ucm.es/moodle/mod/page/view.php?id=3406840
;;3406842;;;Examen Emparejamiento 8.1;;;HTML;;;TEORÍA, parcial 3 (Tareas del Tema 8: Autoevaluaciones);;;https://cv4.ucm.es/moodle/mod/quiz/view.php?id=3406842
;;3406843;;;Examen Emparejamiento 8.2;;;HTML;;;TEORÍA, parcial 3 (Tareas del Tema 8: Autoevaluaciones);;;https://cv4.ucm.es/moodle/mod/quiz/view.php?id=3406843
;;3406844;;;Examen Emparejamiento 8.3;;;HTML;;;TEORÍA, parcial 3 (Tareas del Tema 8: Autoevaluaciones);;;https://cv4.ucm.es/moodle/mod/quiz/view.php?id=3406844
;;3406845;;;Examen Emparejamiento 8.4;;;HTML;;;TEORÍA, parcial 3 (Tareas del Tema 8: Autoevaluaciones);;;https://cv4.ucm.es/moodle/mod/quiz/view.php?id=3406845
;;3406846;;;Examen V-F 8.1;;;HTML;;;TEORÍA, parcial 3 (Tareas del Tema 8: Autoevaluaciones);;;https://cv4.ucm.es/moodle/mod/quiz/view.php?id=3406846
;;3406847;;;Examen V-F 8.2;;;HTML;;;TEORÍA, parcial 3 (Tareas del Tema 8: Autoevaluaciones);;;https://cv4.ucm.es/moodle/mod/quiz/view.php?id=3406847
;;3406848;;;Examen V-F 8.3;;;HTML;;;TEORÍA, parcial 3 (Tareas del Tema 8: Autoevaluaciones);;;https://cv4.ucm.es/moodle/mod/quiz/view.php?id=3406848
;;3406851;;;SNC;;;PDF;;;TEORÍA, parcial 4 (Tema 9: Sistema nervioso);;;https://cv4.ucm.es/moodle/mod/resource/view.php?id=3406851
;;3406852;;;SNP;;;PDF;;;TEORÍA, parcial 4 (Tema 9: Sistema nervioso);;;https://cv4.ucm.es/moodle/mod/resource/view.php?id=3406852
;;3406853;;;SNA;;;PDF;;;TEORÍA, parcial 4 (Tema 9: Sistema nervioso);;;https://cv4.ucm.es/moodle/mod/resource/view.php?id=3406853
;;3406854;;;Médula espinal;;;PDF;;;TEORÍA, parcial 4 (Tema 9: Sistema nervioso);;;https://cv4.ucm.es/moodle/mod/resource/view.php?id=3406854
;;3406855;;;Cerebelo;;;PDF;;;TEORÍA, parcial 4 (Tema 9: Sistema nervioso);;;https://cv4.ucm.es/moodle/mod/resource/view.php?id=3406855
;;3406856;;;Cerebro;;;PDF;;;TEORÍA, parcial 4 (Tema 9: Sistema nervioso);;;https://cv4.ucm.es/moodle/mod/resource/view.php?id=3406856
;;45424;;;Sistema nervioso periférico I (SNP1);;;VIDEO;;;TEORÍA, parcial 4 (Tema 9: Sistema nervioso)                  NO SE CARGA, SALE ERROR;;;https://cv4.ucm.es/moodle/file.php/45424/Capturas_videos/SNP1.jpg
;;45424;;;Sistema nervioso periférico II (SNP2);;;VIDEO;;;TEORÍA, parcial 4 (Tema 9: Sistema nervioso)                  NO SE CARGA, SALE ERROR;;;https://cv4.ucm.es/moodle/file.php/45424/Capturas_videos/SNP2.jpg
;;45424;;; Sistema nervioso vegetativo (SNV);;;VIDEO;;;TEORÍA, parcial 4 (Tema 9: Sistema nervioso)                  NO SE CARGA, SALE ERROR;;;https://cv4.ucm.es/moodle/file.php/45424/Capturas_videos/SNV_BIEN.jpg
;;3406862;;;Examen Emparejamiento 9.1;;;HTML;;;TEORÍA, parcial 4 (Tareas del Tema 9: Autoevaluaciones);;;https://cv4.ucm.es/moodle/mod/quiz/view.php?id=3406862
;;3406863;;;Examen Emparejamiento 9.2;;;HTML;;;TEORÍA, parcial 4 (Tareas del Tema 9: Autoevaluaciones);;;https://cv4.ucm.es/moodle/mod/quiz/view.php?id=3406863
;;3406864;;;Examen Emparejamiento 9.3;;;HTML;;;TEORÍA, parcial 4 (Tareas del Tema 9: Autoevaluaciones);;;https://cv4.ucm.es/moodle/mod/quiz/view.php?id=3406864
;;3406865;;;Examen Emparejamiento 9.4;;;HTML;;;TEORÍA, parcial 4 (Tareas del Tema 9: Autoevaluaciones);;;https://cv4.ucm.es/moodle/mod/quiz/view.php?id=3406865
;;3406866;;;Examen Emparejamiento 9.5;;;HTML;;;TEORÍA, parcial 4 (Tareas del Tema 9: Autoevaluaciones);;;https://cv4.ucm.es/moodle/mod/quiz/view.php?id=3406866
;;3406867;;;Examen V-F 9.1;;;HTML;;;TEORÍA, parcial 4 (Tareas del Tema 9: Autoevaluaciones);;;https://cv4.ucm.es/moodle/mod/quiz/view.php?id=3406867
;;3406868;;;Examen V-F 9.2;;;HTML;;;TEORÍA, parcial 4 (Tareas del Tema 9: Autoevaluaciones);;;https://cv4.ucm.es/moodle/mod/quiz/view.php?id=3406868
;;3406869;;;Examen V-F 9.3;;;HTML;;;TEORÍA, parcial 4 (Tareas del Tema 9: Autoevaluaciones);;;https://cv4.ucm.es/moodle/mod/quiz/view.php?id=3406869
;;3406870;;;Examen V-F 9.4;;;HTML;;;TEORÍA, parcial 4 (Tareas del Tema 9: Autoevaluaciones);;;https://cv4.ucm.es/moodle/mod/quiz/view.php?id=3406870
;;3406873;;;Ojo;;;PDF;;;TEORÍA, parcial 4 (Tema 10: Ojo);;;https://cv4.ucm.es/moodle/mod/resource/view.php?id=3406873
;;3406874;;;Anejos al globo ocular;;;PDF;;;TEORÍA, parcial 4 (Tema 10: Ojo);;;https://cv4.ucm.es/moodle/mod/resource/view.php?id=3406874
;;3406876;;;Vías ópticas;;;VIDEO;;;TEORÍA, parcial 4 (Tema 10: Ojo);;;https://cv4.ucm.es/moodle/mod/page/view.php?id=3406876
;;3406877;;;Anejos al globo ocular;;;VIDEO;;;TEORÍA, parcial 4 (Tema 10: Ojo);;;https://cv4.ucm.es/moodle/mod/page/view.php?id=3406877
;;3406879;;;Examen Emparejamiento 10.1;;;HTML;;;TEORÍA, parcial 4 (Tareas del Tema 10: Autoevaluaciones);;;https://cv4.ucm.es/moodle/mod/quiz/view.php?id=3406879
;;3406880;;;Examen Emparejamiento 10.2;;;HTML;;;TEORÍA, parcial 4 (Tareas del Tema 10: Autoevaluaciones);;;https://cv4.ucm.es/moodle/mod/quiz/view.php?id=3406880
;;3406881;;;Examen Emparejamiento 10.3 ;;;HTML;;;TEORÍA, parcial 4 (Tareas del Tema 10: Autoevaluaciones);;;https://cv4.ucm.es/moodle/mod/quiz/view.php?id=3406881
;;3406882;;;Examen V-F 10.1 ;;;HTML;;;TEORÍA, parcial 4 (Tareas del Tema 10: Autoevaluaciones);;;https://cv4.ucm.es/moodle/mod/quiz/view.php?id=3406882
;;3406883;;;Examen V-F 10.2;;;HTML;;;TEORÍA, parcial 4 (Tareas del Tema 10: Autoevaluaciones);;;https://cv4.ucm.es/moodle/mod/quiz/view.php?id=3406883
;;3406886;;; Oído ;;;PDF;;;TEORÍA, parcial 4 (Tema 11: Oído);;;https://cv4.ucm.es/moodle/mod/resource/view.php?id=3406886
;;45424;;;Oído externo y oído medio;;;VIDEO;;;TEORÍA, parcial 4 (Tema 11: Oído)                    NO SE CARGA, SALE ERROR;;;https://cv4.ucm.es/moodle/file.php/45424/Capturas_videos/oido.jpg
;;3406890;;;Examen Emparejamiento 11.1;;;HTML;;;TEORÍA, parcial 4 Tareas del Tema 11: Autoevaluaciones);;;https://cv4.ucm.es/moodle/mod/quiz/view.php?id=3406890
;;3406891;;;Examen Emparejamiento 11.2;;;HTML;;;TEORÍA, parcial 4 Tareas del Tema 11: Autoevaluaciones);;;https://cv4.ucm.es/moodle/mod/quiz/view.php?id=3406891
;;3406892;;;Examen V-F 11.1;;;HTML;;;TEORÍA, parcial 4 Tareas del Tema 11: Autoevaluaciones);;;https://cv4.ucm.es/moodle/mod/quiz/view.php?id=3406892
;;3406893;;;Examen V-F 11.2;;;HTML;;;TEORÍA, parcial 4 Tareas del Tema 11: Autoevaluaciones);;;https://cv4.ucm.es/moodle/mod/quiz/view.php?id=3406893
;;3723949;;;Mapa conceptual;;;HTML;;;TEORÍA, parcial 4 Tareas del Tema 11: Autoevaluaciones);;;https://cv4.ucm.es/moodle/mod/assign/view.php?id=3723949
;;3853365;;; Endrocino I (Hipófisis - Epífisis)                        Sistema Endocrino;;;PDF;;;TEORÍA, parcial 5 (Tema 12: Sistema endocrino);;;https://cv4.ucm.es/moodle/mod/resource/view.php?id=3853365
;;3853364;;; Endocrino II (Tiroides - Paratiroides)             Sistema Endocrino III;;;PDF;;;TEORÍA, parcial 5 (Tema 12: Sistema endocrino);;;https://cv4.ucm.es/moodle/mod/resource/view.php?id=3853364
;;3853404;;; Endocrino III (Suprarrenales)                            Sistema Endocrino IV;;;PDF;;;TEORÍA, parcial 5 (Tema 12: Sistema endocrino);;;https://cv4.ucm.es/moodle/mod/resource/view.php?id=3853404
;;3883454;;; Irrigación suprarrenal Archivo                          Suprarrenal ;;;PDF;;;TEORÍA, parcial 5 (Tema 12: Sistema endocrino);;;https://cv4.ucm.es/moodle/mod/resource/view.php?id=3883454
;;3855297;;; Endrocino IV (Páncreas endocrino)                Sistema Endocrino IV;;;PDF;;;TEORÍA, parcial 5 (Tema 12: Sistema endocrino);;;https://cv4.ucm.es/moodle/mod/resource/view.php?id=3855297
;;3853437;;;RESUMEN ENDOCRINO;;;PDF;;;TEORÍA, parcial 5 (Tema 12: Sistema endocrino);;;https://cv4.ucm.es/moodle/mod/resource/view.php?id=3853437
;;3406896;;;Hipófisis;;;PDF;;;TEORÍA, parcial 5 (Tema 12: Sistema endocrino);;;https://cv4.ucm.es/moodle/mod/resource/view.php?id=3406896
;;3406897;;;Epífisis;;;PDF;;;TEORÍA, parcial 5 (Tema 12: Sistema endocrino);;;https://cv4.ucm.es/moodle/mod/resource/view.php?id=3406897
;;3406898;;;Tiroides;;;PDF;;;TEORÍA, parcial 5 (Tema 12: Sistema endocrino);;;https://cv4.ucm.es/moodle/mod/resource/view.php?id=3406898
;;3406899;;;Paratiroides;;;PDF;;;TEORÍA, parcial 5 (Tema 12: Sistema endocrino);;;https://cv4.ucm.es/moodle/mod/resource/view.php?id=3406899
;;3406900;;;Páncreas;;;PDF;;;TEORÍA, parcial 5 (Tema 12: Sistema endocrino);;;https://cv4.ucm.es/moodle/mod/resource/view.php?id=3406900
;;3406901;;;Suprarrenal;;;PDF;;;TEORÍA, parcial 5 (Tema 12: Sistema endocrino);;;https://cv4.ucm.es/moodle/mod/resource/view.php?id=3406901
;;3406903;;;Paratiroides;;;VIDEO;;;TEORÍA, parcial 5 (Tema 12: Sistema endocrino);;;https://cv4.ucm.es/moodle/mod/page/view.php?id=3406903
;;3406904;;;Pineal;;;VIDEO;;;TEORÍA, parcial 5 (Tema 12: Sistema endocrino);;;https://cv4.ucm.es/moodle/mod/page/view.php?id=3406904
;;3406906;;;Examen Emparejamiento 12.1;;;HTML;;;TEORÍA, parcial 5 (Tareas del Tema 12: Autoevaluaciones);;;https://cv4.ucm.es/moodle/mod/quiz/view.php?id=3406906
;;3406907;;;Examen Emparejamiento 12.2;;;HTML;;;TEORÍA, parcial 5 (Tareas del Tema 12: Autoevaluaciones);;;https://cv4.ucm.es/moodle/mod/quiz/view.php?id=3406907
;;3406908;;;Examen Emparejamiento 12.3;;;HTML;;;TEORÍA, parcial 5 (Tareas del Tema 12: Autoevaluaciones);;;https://cv4.ucm.es/moodle/mod/quiz/view.php?id=3406908
;;3406909;;;Examen Emparejamiento 12.4;;;HTML;;;TEORÍA, parcial 5 (Tareas del Tema 12: Autoevaluaciones);;;https://cv4.ucm.es/moodle/mod/quiz/view.php?id=3406909
;;3406910;;;Examen V-F 12.1;;;HTML;;;TEORÍA, parcial 5 (Tareas del Tema 12: Autoevaluaciones);;;https://cv4.ucm.es/moodle/mod/quiz/view.php?id=3406910
;;3406911;;;Examen V-F 12.2;;;HTML;;;TEORÍA, parcial 5 (Tareas del Tema 12: Autoevaluaciones);;;https://cv4.ucm.es/moodle/mod/quiz/view.php?id=3406911
;;3406912;;;Examen V-F 12.3;;;HTML;;;TEORÍA, parcial 5 (Tareas del Tema 12: Autoevaluaciones);;;https://cv4.ucm.es/moodle/mod/quiz/view.php?id=3406912
;;3406913;;;Examen V-F 12.4;;;HTML;;;TEORÍA, parcial 5 (Tareas del Tema 12: Autoevaluaciones);;;https://cv4.ucm.es/moodle/mod/quiz/view.php?id=3406913
;;3406914;;;Presentación de las sesiones de prácticas;;;PDF;;;PRÁCTICAS PRESENCIALES;;;https://cv4.ucm.es/moodle/mod/page/view.php?id=3406914
;;3406916;;;EJEMPLO DE GUIÓN PARA PRÁCTICAS;;;PDF;;;PRÁCTICAS PRESENCIALES (Guiones para preparar las sesiones de prácticas);;;https://cv4.ucm.es/moodle/mod/resource/view.php?id=3406916
;;3406917;;;GUIÓN PRÁCTICA SISTEMA CARDIOVASCULAR;;;PDF;;;PRÁCTICAS PRESENCIALES (Guiones para preparar las sesiones de prácticas);;;https://cv4.ucm.es/moodle/mod/resource/view.php?id=3406917
;;3406918;;;GUIÓN PRÁCTICA SISTEMA LINFOIDE;;;PDF;;;PRÁCTICAS PRESENCIALES (Guiones para preparar las sesiones de prácticas);;;https://cv4.ucm.es/moodle/mod/resource/view.php?id=3406918
;;3406919;;;GUIÓN PRÁCTICA  APTO. RESPIRATORIO;;;PDF;;;PRÁCTICAS PRESENCIALES (Guiones para preparar las sesiones de prácticas);;;https://cv4.ucm.es/moodle/mod/resource/view.php?id=3406919
;;3406920;;;GUIÓN PRÁCTICA PIEL;;;PDF;;;PRÁCTICAS PRESENCIALES (Guiones para preparar las sesiones de prácticas);;;https://cv4.ucm.es/moodle/mod/resource/view.php?id=3406920
;;3406921;;;GUIÓN PRÁCTICA  APTO. DIGESTIVO;;;PDF;;;PRÁCTICAS PRESENCIALES (Guiones para preparar las sesiones de prácticas);;;https://cv4.ucm.es/moodle/mod/resource/view.php?id=3406921
;;3406922;;;GUIÓN PRÁCTICA ANEJOS AL DIGESTIVO;;;PDF;;;PRÁCTICAS PRESENCIALES (Guiones para preparar las sesiones de prácticas);;;https://cv4.ucm.es/moodle/mod/resource/view.php?id=3406922
;;3406923;;;GUIÓN PRÁCTICA  APTO. URINARIO;;;PDF;;;PRÁCTICAS PRESENCIALES (Guiones para preparar las sesiones de prácticas);;;https://cv4.ucm.es/moodle/mod/resource/view.php?id=3406923
;;3406924;;;GUIÓN PRÁCTICA APTO. G. MASCULINO;;;PDF;;;PRÁCTICAS PRESENCIALES (Guiones para preparar las sesiones de prácticas);;;https://cv4.ucm.es/moodle/mod/resource/view.php?id=3406924
;;3406925;;;GUIÓN PRÁCTICA APTO. G. FEMENINO;;;PDF;;;PRÁCTICAS PRESENCIALES (Guiones para preparar las sesiones de prácticas);;;https://cv4.ucm.es/moodle/mod/resource/view.php?id=3406925
;;3406926;;;GUIÓN PRÁCTICA  DE OÍDO;;;PDF;;;PRÁCTICAS PRESENCIALES (Guiones para preparar las sesiones de prácticas);;;https://cv4.ucm.es/moodle/mod/resource/view.php?id=3406926
;;3406927;;;GUIÓN PRÁCTICA SISTEMA NERVIOSO;;;PDF;;;PRÁCTICAS PRESENCIALES (Guiones para preparar las sesiones de prácticas);;;https://cv4.ucm.es/moodle/mod/resource/view.php?id=3406927
;;3406928;;;GUIÓN PRÁCTICA SISTEMA ENDOCRINO;;;PDF;;;PRÁCTICAS PRESENCIALES (Guiones para preparar las sesiones de prácticas);;;https://cv4.ucm.es/moodle/mod/resource/view.php?id=3406928
;;3406929;;;NORMAS PARA LAS SESIONES DE PRÁCTICAS;;;PDF;;;PRÁCTICAS PRESENCIALES (Guiones para preparar las sesiones de prácticas);;;https://cv4.ucm.es/moodle/mod/resource/view.php?id=3406929
;;3406931;;;Tareas: Trabajo de prácticas no presenciales;;;HTML;;;PRÁCTICAS NO PRESENCIALES;;;https://cv4.ucm.es/moodle/mod/assign/view.php?id=3406931
;;3406932;;;Evaluación de la tarea no presencial;;;PDF;;;PRÁCTICAS NO PRESENCIALES;;;https://cv4.ucm.es/moodle/mod/resource/view.php?id=3406932
;;;;;;;;;;;Otras actividades: SEMINARIOS, CONGRESOS Y SESIONES BÁSICO-CLÍNICAS;;;http://www.ucm.es/
;;3486584;;;Cartel conferencia May-Britt Moser;;;HTML;;;Otras actividades: SEMINARIOS, CONGRESOS Y SESIONES BÁSICO-CLÍNICAS;;;https://cv4.ucm.es/moodle/mod/resource/view.php?id=3486584
;;3488291;;;May-Britt Moser: Biografía y Conferencia Premio Nobel;;;HTML;;;Otras actividades: SEMINARIOS, CONGRESOS Y SESIONES BÁSICO-CLÍNICAS;;;https://cv4.ucm.es/moodle/mod/url/view.php?id=3488291
;;3624154;;;V Semana CAJAL;;;HTML;;;Otras actividades: SEMINARIOS, CONGRESOS Y SESIONES BÁSICO-CLÍNICAS;;;https://cv4.ucm.es/moodle/mod/url/view.php?id=3624154
;;3651586;;;Conferencia James Watson;;;HTML;;;Otras actividades: SEMINARIOS, CONGRESOS Y SESIONES BÁSICO-CLÍNICAS;;;https://cv4.ucm.es/moodle/mod/url/view.php?id=3651586
;;3710856;;;IV Jornada UCM-SEV de Sensibilización al VIH/SIDA;;;HTML;;;Otras actividades: SEMINARIOS, CONGRESOS Y SESIONES BÁSICO-CLÍNICAS;;;https://cv4.ucm.es/moodle/mod/page/view.php?id=3710856
;;3406933;;;SEMINARIOS DE BIOMEDICINA 2019;;;PDF;;;Otras actividades: SEMINARIOS, CONGRESOS Y SESIONES BÁSICO-CLÍNICAS;;;https://cv4.ucm.es/moodle/mod/resource/view.php?id=3406933
;;3406934;;;SESIONES BÁSICO-CLÍNICAS 2016/17;;;HTML;;;Otras actividades: SEMINARIOS, CONGRESOS Y SESIONES BÁSICO-CLÍNICAS;;;https://cv4.ucm.es/moodle/mod/page/view.php?id=3406934
;;3406935;;;Jornadas de investigación para pregraduados;;;HTML;;;Otras actividades: SEMINARIOS, CONGRESOS Y SESIONES BÁSICO-CLÍNICAS;;;https://cv4.ucm.es/moodle/mod/page/view.php?id=3406935
;;3406936;;; DÍA DEL ADN;;;PDF;;;Otras actividades: SEMINARIOS, CONGRESOS Y SESIONES BÁSICO-CLÍNICAS;;;https://cv4.ucm.es/moodle/mod/resource/view.php?id=3406936
